Particle_x1,Particle_y1,Particle_x2,Particle_y2,Particle_x3,Particle_y3,Particle_x4,Particle_y4,Particle_x5,Particle_y5,Particle_x6,Particle_y6,Particle_x7,Particle_y7,Particle_x8,Particle_y8,Particle_x9,Particle_y9,Particle_x10,Particle_y10,Particle_x11,Particle_y11,Particle_x12,Particle_y12,Particle_x13,Particle_y13,Particle_x14,Particle_y14,Particle_x15,Particle_y15,Particle_x16,Particle_y16,Particle_x17,Particle_y17,Particle_x18,Particle_y18,Particle_x19,Particle_y19,Particle_x20,Particle_y20,Particle_x21,Particle_y21,Particle_x22,Particle_y22,Particle_x23,Particle_y23,Particle_x24,Particle_y24,Particle_x25,Particle_y25,Particle_x26,Particle_y26,Particle_x27,Particle_y27,Particle_x28,Particle_y28,Particle_x29,Particle_y29,Particle_x30,Particle_y30,Particle_x31,Particle_y31,Particle_x32,Particle_y32,Particle_x33,Particle_y33,Particle_x34,Particle_y34,Particle_x35,Particle_y35,Particle_x36,Particle_y36,Particle_x37,Particle_y37,Particle_x38,Particle_y38,Particle_x39,Particle_y39,Particle_x40,Particle_y40,Particle_x41,Particle_y41,Particle_x42,Particle_y42,Particle_x43,Particle_y43,Particle_x44,Particle_y44,Particle_x45,Particle_y45,Particle_x46,Particle_y46,Particle_x47,Particle_y47,Particle_x48,Particle_y48,Particle_x49,Particle_y49,Particle_x50,Particle_y50,Particle_x51,Particle_y51,Particle_x52,Particle_y52,Particle_x53,Particle_y53,Particle_x54,Particle_y54,Particle_x55,Particle_y55,Particle_x56,Particle_y56,Particle_x57,Particle_y57,Particle_x58,Particle_y58,Particle_x59,Particle_y59,Particle_x60,Particle_y60,Particle_x61,Particle_y61,Particle_x62,Particle_y62,Particle_x63,Particle_y63,Particle_x64,Particle_y64,Particle_x65,Particle_y65,Particle_x66,Particle_y66,Particle_x67,Particle_y67,Particle_x68,Particle_y68,Particle_x69,Particle_y69,Particle_x70,Particle_y70,Particle_x71,Particle_y71,Particle_x72,Particle_y72,Particle_x73,Particle_y73,Particle_x74,Particle_y74,Particle_x75,Particle_y75,Particle_x76,Particle_y76,Particle_x77,Particle_y77,Particle_x78,Particle_y78,Particle_x79,Particle_y79,Particle_x80,Particle_y80,Particle_x81,Particle_y81,Particle_x82,Particle_y82,Particle_x83,Particle_y83,Particle_x84,Particle_y84,Particle_x85,Particle_y85,Particle_x86,Particle_y86,Particle_x87,Particle_y87,Particle_x88,Particle_y88,Particle_x89,Particle_y89,Particle_x90,Particle_y90,Particle_x91,Particle_y91,Particle_x92,Particle_y92,Particle_x93,Particle_y93,Particle_x94,Particle_y94,Particle_x95,Particle_y95,Particle_x96,Particle_y96,Particle_x97,Particle_y97,Particle_x98,Particle_y98,Particle_x99,Particle_y99,Particle_x100,Particle_y100,global_position_x,global_position_y,path_x,path_y,local_position_x1,local_position_y1,local_position_x2,local_position_y2,local_position_x3,local_position_y3,local_position_x4,local_position_y4,local_position_x5,local_position_y5,local_position_x6,local_position_y6,local_position_x7,local_position_y7,local_position_x8,local_position_y8,local_position_x9,local_position_y9,local_position_x10,local_position_y10,local_position_x11,local_position_y11,local_position_x12,local_position_y12,local_position_x13,local_position_y13,local_position_x14,local_position_y14,local_position_x15,local_position_y15,local_position_x16,local_position_y16,local_position_x17,local_position_y17,local_position_x18,local_position_y18,local_position_x19,local_position_y19,local_position_x20,local_position_y20,local_position_x21,local_position_y21,local_position_x22,local_position_y22,local_position_x23,local_position_y23,local_position_x24,local_position_y24,local_position_x25,local_position_y25,local_position_x26,local_position_y26,local_position_x27,local_position_y27,local_position_x28,local_position_y28,local_position_x29,local_position_y29,local_position_x30,local_position_y30,local_position_x31,local_position_y31,local_position_x32,local_position_y32,local_position_x33,local_position_y33,local_position_x34,local_position_y34,local_position_x35,local_position_y35,local_position_x36,local_position_y36,local_position_x37,local_position_y37,local_position_x38,local_position_y38,local_position_x39,local_position_y39,local_position_x40,local_position_y40,local_position_x41,local_position_y41,local_position_x42,local_position_y42,local_position_x43,local_position_y43,local_position_x44,local_position_y44,local_position_x45,local_position_y45,local_position_x46,local_position_y46,local_position_x47,local_position_y47,local_position_x48,local_position_y48,local_position_x49,local_position_y49,local_position_x50,local_position_y50,local_position_x51,local_position_y51,local_position_x52,local_position_y52,local_position_x53,local_position_y53,local_position_x54,local_position_y54,local_position_x55,local_position_y55,local_position_x56,local_position_y56,local_position_x57,local_position_y57,local_position_x58,local_position_y58,local_position_x59,local_position_y59,local_position_x60,local_position_y60,local_position_x61,local_position_y61,local_position_x62,local_position_y62,local_position_x63,local_position_y63,local_position_x64,local_position_y64,local_position_x65,local_position_y65,local_position_x66,local_position_y66,local_position_x67,local_position_y67,local_position_x68,local_position_y68,local_position_x69,local_position_y69,local_position_x70,local_position_y70,local_position_x71,local_position_y71,local_position_x72,local_position_y72,local_position_x73,local_position_y73,local_position_x74,local_position_y74,local_position_x75,local_position_y75,local_position_x76,local_position_y76,local_position_x77,local_position_y77,local_position_x78,local_position_y78,local_position_x79,local_position_y79,local_position_x80,local_position_y80,local_position_x81,local_position_y81,local_position_x82,local_position_y82,local_position_x83,local_position_y83,local_position_x84,local_position_y84,local_position_x85,local_position_y85,local_position_x86,local_position_y86,local_position_x87,local_position_y87,local_position_x88,local_position_y88,local_position_x89,local_position_y89,local_position_x90,local_position_y90,local_position_x91,local_position_y91,local_position_x92,local_position_y92,local_position_x93,local_position_y93,local_position_x94,local_position_y94,local_position_x95,local_position_y95,local_position_x96,local_position_y96,local_position_x97,local_position_y97,local_position_x98,local_position_y98,local_position_x99,local_position_y99,local_position_x100,local_position_y100,num_obstacles,center_x1,center_y1,r,center_x2,center_y2,r,center_x3,center_y3,r,center_x4,center_y4,r,center_x5,center_y5,r,center_x6,center_y6,r,center_x7,center_y7,r,
0,0,0,0,0,0,0,0,0,0,0,0,0,0,0,0,0,0,0,0,0,0,0,0,0,0,0,0,0,0,0,0,0,0,0,0,0,0,0,0,0,0,0,0,0,0,0,0,0,0,0,0,0,0,0,0,0,0,0,0,0,0,0,0,0,0,0,0,0,0,0,0,0,0,0,0,0,0,0,0,0,0,0,0,0,0,0,0,0,0,0,0,0,0,0,0,0,0,0,0,0,0,0,0,0,0,0,0,0,0,0,0,0,0,0,0,0,0,0,0,0,0,0,0,0,0,0,0,0,0,0,0,0,0,0,0,0,0,0,0,0,0,0,0,0,0,0,0,0,0,0,0,0,0,0,0,0,0,0,0,0,0,0,0,0,0,0,0,0,0,0,0,0,0,0,0,0,0,0,0,0,0,0,0,0,0,0,0,0,0,0,0,0,0,0,0,0,0,0,0,1000,1000,1000,1000,0,0,0,0,0,0,0,0,0,0,0,0,0,0,0,0,0,0,0,0,0,0,0,0,0,0,0,0,0,0,0,0,0,0,0,0,0,0,0,0,0,0,0,0,0,0,0,0,0,0,0,0,0,0,0,0,0,0,0,0,0,0,0,0,0,0,0,0,0,0,0,0,0,0,0,0,0,0,0,0,0,0,0,0,0,0,0,0,0,0,0,0,0,0,0,0,0,0,0,0,0,0,0,0,0,0,0,0,0,0,0,0,0,0,0,0,0,0,0,0,0,0,0,0,0,0,0,0,0,0,0,0,0,0,0,0,0,0,0,0,0,0,0,0,0,0,0,0,0,0,0,0,0,0,0,0,0,0,0,0,0,0,0,0,0,0,0,0,0,0,0,0,0,0,0,0,0,0,0,0,0,0,0,0,0,0,0,0,0,0,0,0,0,0,0,0,0,0,0,0,7,-808,447,200,301,1134,200,477,565,200,1031,-1017,200,819,356,200,-211,84,200,-1173,-291,200,
1381.31,419.962,1277.32,-992.572,-855.832,699.297,1216.78,360.967,547.199,1370.86,1283.05,-992.603,1327.22,275.406,-874.375,689.4,1286.39,363.962,1141.09,881.682,1277.03,-995.169,390.937,1365.86,1367.27,198.297,1066.49,690.694,1144.2,79.5993,348.015,1375.23,1392.25,285.544,1335.44,725.788,1357.16,621.719,1197.88,525.285,1059.93,662.01,281.609,885.796,1076.94,533.979,1080.2,430.964,1355.63,587.353,1466.7,111.632,357.538,1375.16,1285.81,563.57,306.212,882.622,866.804,1156.91,-184.586,802.319,1341.44,379.043,1374.65,706.291,1117.85,693.973,1188.14,745.194,869.146,1263.11,-875.546,688.458,323.427,877.336,1255.91,-460.867,359.26,1375.82,382.532,1377.26,268.876,884.896,-864.391,687.797,1272.05,-992.118,1113.51,628.077,162.159,853.994,930.319,1139.06,577.347,1378.19,271.899,893.409,428.013,1340.09,-636.456,708.396,1286.13,-985.248,367.156,1368.95,1346.82,285.91,853.706,1344.77,1194.66,0.120677,1428.81,555.634,1419.18,740.183,1133.16,61.2421,1356.21,-256.961,670.174,1375.55,1436.8,742.015,117.938,844.741,1279.75,586.587,1452.62,333.239,1357.09,333.787,356.845,1413.31,1349.52,430.735,755.371,1407.27,1116.53,361.041,1393.1,424.771,1458.28,705.072,1395.87,758.978,1275.64,107.046,299.108,882.982,1123.81,493.602,1274.15,-987.323,-871.892,683.241,1366.67,-1067.64,1402.12,590.81,1384.34,220.629,1154.14,6.13098,276.813,889.026,-1302.24,693.858,1486.74,-213.231,1473.86,644.869,291.031,875.238,890.579,980.21,1315.58,785.896,417.545,1358.13,1105.83,650.918,274.289,891.232,361.754,1481.5,1028.62,875.881,325.733,879.073,290.93,893.457,388.205,1359.86,1462.97,-840.068,756.394,1473.16,286.607,881.304,-636.456,708.396,1000,1000,1381.31,1381.31,1277.32,1277.32,-855.832,-855.832,1216.78,1216.78,547.199,547.199,1283.05,1283.05,1327.22,1327.22,-874.375,-874.375,1286.39,1286.39,1141.09,1141.09,1277.03,1277.03,390.937,390.937,1367.27,1367.27,1066.49,1066.49,1144.2,1144.2,348.015,348.015,1392.25,1392.25,1335.44,1335.44,1357.16,1357.16,1197.88,1197.88,1059.93,1059.93,281.609,281.609,1076.94,1076.94,1080.2,1080.2,1355.63,1355.63,1466.7,1466.7,357.538,357.538,1285.81,1285.81,306.212,306.212,866.804,866.804,-184.586,-184.586,1341.44,1341.44,1374.65,1374.65,1117.85,1117.85,1188.14,1188.14,869.146,869.146,-875.546,-875.546,323.427,323.427,1255.91,1255.91,359.26,359.26,382.532,382.532,268.876,268.876,-864.391,-864.391,1272.05,1272.05,1113.51,1113.51,162.159,162.159,930.319,930.319,577.347,577.347,271.899,271.899,428.013,428.013,-636.456,-636.456,1286.13,1286.13,367.156,367.156,1346.82,1346.82,853.706,853.706,1194.66,1194.66,1428.81,1428.81,1419.18,1419.18,1133.16,1133.16,1356.21,1356.21,670.174,670.174,1436.8,1436.8,117.938,117.938,1279.75,1279.75,1452.62,1452.62,1357.09,1357.09,356.845,356.845,1349.52,1349.52,755.371,755.371,1116.53,1116.53,1393.1,1393.1,1458.28,1458.28,1395.87,1395.87,1275.64,1275.64,299.108,299.108,1123.81,1123.81,1274.15,1274.15,-871.892,-871.892,1366.67,1366.67,1402.12,1402.12,1384.34,1384.34,1154.14,1154.14,276.813,276.813,-1302.24,-1302.24,1486.74,1486.74,1473.86,1473.86,291.031,291.031,890.579,890.579,1315.58,1315.58,417.545,417.545,1105.83,1105.83,274.289,274.289,361.754,361.754,1028.62,1028.62,325.733,325.733,290.93,290.93,388.205,388.205,1462.97,1462.97,756.394,756.394,286.607,286.607,7,-808,447,200,301,1134,200,477,565,200,1031,-1017,200,819,356,200,-211,84,200,-1173,-291,200,
175.629,856.098,-42.4967,278.099,195.977,848.997,484.513,811.049,-299.695,764.095,-52.191,276.291,460.576,107.784,-776.96,695.573,483.772,812.317,493.858,814.642,-301.451,483.391,-551.427,411.079,493.199,809.537,467.058,810.115,460.641,37.6696,-285.113,758.341,450.865,932.622,475.833,820.742,164.529,827.506,467.859,247.077,462.217,817.592,363.575,890.279,356.61,887.785,473.082,810.963,486.798,824.576,755.709,114.254,-960.067,641.274,753.435,111.249,375.049,887.318,566.804,908.595,367.036,901.286,461.728,821.435,470.76,813.577,476.132,820.583,473.614,815.512,569.146,963.11,474.618,821.224,58.7472,853.687,955.914,-160.867,-283.362,738.882,-290.6,746.158,-31.1239,757.904,-691.476,895.828,-43.9187,277.41,485.124,819.919,-137.841,753.057,-254.34,751.489,-275.379,749.879,183.348,809.903,-960.632,642.184,-536.543,717.35,-24.8283,258.872,-249.41,742.032,200.026,781.543,-561.165,381.09,748.06,108.558,493.475,811.523,489.206,807.505,468.957,155.161,1056.21,-41.8259,389.24,892.073,-688.195,906.035,-685.495,900.392,475.971,819.802,487.547,816.059,856.262,83.4115,-251.714,745.048,473.619,820.207,-563.823,460.722,756.62,113.589,494.117,816.951,166.489,793.524,757.935,115.256,209.115,827.488,488.24,809.623,493.454,808.757,-45.6421,279.668,194.428,805.583,-210.44,385.086,462.955,807.029,495.943,813.582,754.975,118.755,487.829,805.521,495.527,809.201,495.328,818.321,495.055,808.465,-8.96901,773.673,-282.357,757.244,469.136,819.242,-271.827,760.31,759.27,114.155,472.635,817.748,-555.903,400.373,728.625,844.086,494.092,819.448,193.191,771.752,-346.924,768.26,1162.97,-540.068,492.994,808.673,497.783,816.838,-24.8283,258.872,1000,1000,175.629,175.629,-42.4967,-42.4967,-855.832,-855.832,484.513,484.513,-299.695,-299.695,-52.191,-52.191,460.576,460.576,-776.96,-776.96,483.772,483.772,493.858,493.858,-301.451,-301.451,-551.427,-551.427,493.199,493.199,467.058,467.058,460.641,460.641,-285.113,-285.113,450.865,450.865,475.833,475.833,164.529,164.529,467.859,467.859,462.217,462.217,281.609,281.609,356.61,356.61,473.082,473.082,486.798,486.798,755.709,755.709,-960.067,-960.067,753.435,753.435,306.212,306.212,566.804,566.804,-184.586,-184.586,461.728,461.728,470.76,470.76,476.132,476.132,473.614,473.614,569.146,569.146,-875.546,-875.546,58.7472,58.7472,955.914,955.914,-283.362,-283.362,-290.6,-290.6,-31.1239,-31.1239,-864.391,-864.391,-43.9187,-43.9187,485.124,485.124,-137.841,-137.841,-254.34,-254.34,-275.379,-275.379,183.348,183.348,-960.632,-960.632,-636.456,-636.456,-24.8283,-24.8283,-249.41,-249.41,200.026,200.026,-561.165,-561.165,748.06,748.06,493.475,493.475,489.206,489.206,468.957,468.957,1056.21,1056.21,389.24,389.24,-688.195,-688.195,-685.495,-685.495,475.971,475.971,487.547,487.547,856.262,856.262,-251.714,-251.714,473.619,473.619,-563.823,-563.823,756.62,756.62,494.117,494.117,166.489,166.489,757.935,757.935,209.115,209.115,299.108,299.108,493.454,493.454,-45.6421,-45.6421,-871.892,-871.892,-210.44,-210.44,462.955,462.955,495.943,495.943,754.975,754.975,276.813,276.813,-1302.24,-1302.24,495.328,495.328,495.055,495.055,-8.96901,-8.96901,-282.357,-282.357,469.136,469.136,-271.827,-271.827,759.27,759.27,274.289,274.289,-555.903,-555.903,728.625,728.625,325.733,325.733,193.191,193.191,-346.924,-346.924,1162.97,1162.97,492.994,492.994,286.607,286.607,7,-808,447,200,301,1134,200,477,565,200,1031,-1017,200,819,356,200,-211,84,200,-1173,-291,200,
-124.371,556.098,896.056,-550.813,-104.023,548.997,552.109,-849.326,40.8061,83.5311,-12.2676,247.452,-151.35,336.562,-738.074,681.688,902.38,-571.43,-411.829,533.6,-47.9733,320.387,-735.85,680.465,-729.714,681.735,1195.35,-839.739,-735.758,686.232,-155.692,335.629,-693.952,659.865,-697.246,674.425,-135.471,527.506,-161.39,336.254,-406.36,585.314,903.544,-562.942,28.1348,24.7909,-423.272,493.721,557.02,-826.404,-693.693,678.609,-146.885,332.809,507.753,-85.4528,-399.301,895.179,-444.692,518.26,34.436,18.1533,-441.685,937.847,547.445,-862.004,-424.25,562.05,-701.082,678.494,-409.028,938.132,-728.839,693.427,-179.45,553.687,-741.378,683.041,1194.76,-840.415,-195.056,367.47,877.909,-566.095,-391.476,595.828,876.61,-571.411,892.825,-561.128,-279.915,453.057,-704.558,665.996,183.645,118.956,-116.652,509.903,-695.471,663.39,-236.543,417.35,-702.613,664.95,-697.047,680.307,-99.974,528.261,1204.79,-829.257,535.847,-100.978,828.34,-1176,-695.731,677.124,-699.203,663.025,-731.537,690.551,-396.193,954.247,1209.56,-830.106,1200.76,-837.717,-418.393,607.697,831.363,-1154.64,-148.532,336.172,-120.401,316.406,-417.504,585.938,-263.823,403.984,-733.392,695.494,560.47,-826.775,46.0582,101.352,-734.399,684.243,-90.885,527.488,-692.485,679.124,-687.686,664.82,877.253,-570.757,-105.572,505.583,-734.31,680.878,-735.895,690.216,-17.786,245.94,-685.194,668.756,-699.149,673.442,-723.697,691.518,530.917,-844.654,-445.198,942.049,1198.34,-836.847,45.3179,79.6588,818.032,-1150.09,-695.955,679.879,-700.064,673.582,827.839,-1151.31,-719.048,691.261,-148.685,334.149,568.522,-848.568,28.6627,68.2117,-266.441,408.599,-696.821,681.835,870.88,-567.443,1206.74,-827.084,530.917,-844.654,1000,1000,-124.371,-124.371,-42.4967,-42.4967,-104.023,-104.023,552.109,552.109,40.8061,40.8061,-12.2676,-12.2676,-151.35,-151.35,-738.074,-738.074,902.38,902.38,-411.829,-411.829,-47.9733,-47.9733,-551.427,-551.427,-729.714,-729.714,1195.35,1195.35,460.641,460.641,-155.692,-155.692,-693.952,-693.952,-697.246,-697.246,-135.471,-135.471,-161.39,-161.39,-406.36,-406.36,903.544,903.544,28.1348,28.1348,-423.272,-423.272,557.02,557.02,755.709,755.709,-146.885,-146.885,507.753,507.753,-399.301,-399.301,-444.692,-444.692,34.436,34.436,-441.685,-441.685,547.445,547.445,-424.25,-424.25,-701.082,-701.082,-409.028,-409.028,-728.839,-728.839,-179.45,-179.45,955.914,955.914,1194.76,1194.76,-195.056,-195.056,877.909,877.909,-391.476,-391.476,-43.9187,-43.9187,892.825,892.825,-279.915,-279.915,-704.558,-704.558,183.645,183.645,-116.652,-116.652,-695.471,-695.471,-236.543,-236.543,-24.8283,-24.8283,-697.047,-697.047,-99.974,-99.974,-561.165,-561.165,535.847,535.847,828.34,828.34,-695.731,-695.731,468.957,468.957,-731.537,-731.537,-396.193,-396.193,1209.56,1209.56,1200.76,1200.76,-418.393,-418.393,831.363,831.363,-148.532,-148.532,-120.401,-120.401,-417.504,-417.504,-263.823,-263.823,756.62,756.62,560.47,560.47,46.0582,46.0582,757.935,757.935,-90.885,-90.885,-692.485,-692.485,-687.686,-687.686,-45.6421,-45.6421,-105.572,-105.572,-210.44,-210.44,-735.895,-735.895,-17.786,-17.786,-685.194,-685.194,-699.149,-699.149,-723.697,-723.697,530.917,530.917,-445.198,-445.198,1198.34,1198.34,45.3179,45.3179,818.032,818.032,-695.955,-695.955,759.27,759.27,827.839,827.839,-555.903,-555.903,-148.685,-148.685,568.522,568.522,28.6627,28.6627,-266.441,-266.441,-696.821,-696.821,870.88,870.88,1206.74,1206.74,7,-808,447,200,301,1134,200,477,565,200,1031,-1017,200,819,356,200,-211,84,200,-1173,-291,200,
175.629,256.098,65.0596,1083.42,195.977,248.997,-13.4237,230.587,340.806,-216.469,287.732,-52.5484,148.65,36.5617,-14.1251,239.56,1061.77,291.239,-9.27502,220.856,187.951,88.5116,-17.1751,236.951,262.356,-82.296,895.349,-634.926,246.941,-91.9609,144.308,35.6293,-7.78925,240.032,252.185,-91.7568,164.529,227.506,138.61,36.2536,291.118,-102.01,55.3823,1079.78,259.586,-77.2038,-2.1548,209.484,273.74,-73.5434,-19.1759,228.992,153.115,32.8086,365.98,-385.453,-99.3009,595.179,0.257548,218.279,334.436,-281.847,-141.685,637.847,-19.3664,231.376,272.038,-107.642,-8.48916,238.307,-109.028,740.952,-18.7465,233.034,19.7074,253.687,-20.642,234.758,1056.79,-760.034,188.895,-100.777,58.7856,1081.45,250.106,-115.254,100.856,785.977,592.825,-736.487,20.0854,153.057,271.74,-115.801,60.8568,1081.39,183.348,209.903,256.031,-87.9124,63.4571,117.35,-20.947,230.676,249.446,-94.455,200.026,228.261,904.795,-529.257,378.409,-400.978,-14.4837,238.108,0.727538,232.505,-17.2848,233.194,257.038,-85.0672,-96.1931,932.708,-18.084,227.688,-4.7564,242.043,5.1099,205.771,1045.65,-770.669,151.468,36.1721,179.599,16.4058,74.8996,58.5083,36.1768,103.984,-16.8976,234.929,-3.6351,240.589,346.058,-198.648,-10.9845,241.115,24.6869,227.488,226.737,-85.027,-11.6865,235.38,51.8661,1081.2,172.228,205.583,250.525,-88.7831,270.528,-82.0125,282.214,-54.0602,117.087,-2.3872,-9.14142,232.669,272.312,-100.139,262.078,-85.0492,-145.198,642.049,898.341,-631.585,344.093,-63.6798,263.342,-81.8034,-14.644,232.626,267.652,-79.4734,-11.2725,240.834,270.229,-76.7012,151.315,34.1494,256.731,-85.5386,328.663,-231.788,143.047,-96.5956,12.106,213.259,51.9283,1080.09,906.741,-644.681,530.917,-844.654,1000,1000,175.629,175.629,-42.4967,-42.4967,195.977,195.977,552.109,552.109,340.806,340.806,287.732,287.732,148.65,148.65,-14.1251,-14.1251,902.38,902.38,-9.27502,-9.27502,187.951,187.951,-17.1751,-17.1751,262.356,262.356,895.349,895.349,246.941,246.941,144.308,144.308,-7.78925,-7.78925,252.185,252.185,164.529,164.529,138.61,138.61,291.118,291.118,903.544,903.544,28.1348,28.1348,-2.1548,-2.1548,557.02,557.02,-19.1759,-19.1759,153.115,153.115,365.98,365.98,-99.3009,-99.3009,0.257548,0.257548,334.436,334.436,-141.685,-141.685,547.445,547.445,272.038,272.038,-8.48916,-8.48916,-109.028,-109.028,-18.7465,-18.7465,19.7074,19.7074,-20.642,-20.642,1056.79,1056.79,188.895,188.895,877.909,877.909,250.106,250.106,-43.9187,-43.9187,592.825,592.825,20.0854,20.0854,271.74,271.74,183.645,183.645,183.348,183.348,256.031,256.031,63.4571,63.4571,-20.947,-20.947,249.446,249.446,200.026,200.026,-561.165,-561.165,378.409,378.409,-14.4837,-14.4837,0.727538,0.727538,-17.2848,-17.2848,257.038,257.038,-396.193,-396.193,-18.084,-18.084,-4.7564,-4.7564,5.1099,5.1099,831.363,831.363,151.468,151.468,179.599,179.599,74.8996,74.8996,36.1768,36.1768,-16.8976,-16.8976,560.47,560.47,346.058,346.058,-10.9845,-10.9845,24.6869,24.6869,226.737,226.737,-11.6865,-11.6865,-45.6421,-45.6421,172.228,172.228,250.525,250.525,270.528,270.528,282.214,282.214,117.087,117.087,-9.14142,-9.14142,272.312,272.312,530.917,530.917,-145.198,-145.198,898.341,898.341,45.3179,45.3179,263.342,263.342,-14.644,-14.644,267.652,267.652,-11.2725,-11.2725,270.229,270.229,151.315,151.315,568.522,568.522,328.663,328.663,143.047,143.047,12.106,12.106,870.88,870.88,906.741,906.741,7,-808,447,200,301,1134,200,477,565,200,1031,-1017,200,819,356,200,-211,84,200,-1173,-291,200,
65.7753,1081.5,64.362,1081.34,55.3388,1080.64,286.576,-69.4135,48.3243,1080.22,48.0647,1080.5,47.7842,1077.08,285.875,-60.4396,55.3964,1081.1,290.725,-79.1436,54.0914,1079.67,282.825,-63.0486,55.5656,1080.28,746.151,-750.998,56.5146,1081.86,58.2167,1081.26,292.211,-59.968,58.9126,1081.29,53.2909,1078.59,56.8751,1081.72,63.1543,1082.46,55.1635,1081.67,-32.4545,790.262,297.845,-90.5159,56.3629,1079.94,280.824,-71.0085,58.6304,1079.92,246.205,-91.562,200.699,295.179,300.258,-81.7205,52.8273,1081.18,158.315,337.847,280.634,-68.6236,49.8071,1078.75,291.511,-61.6931,190.972,440.952,281.254,-66.9655,184.308,-10.4674,279.358,-65.2425,267.53,-78.3851,52.1175,1079.4,56.4485,1082.3,55.1784,1081.01,48.9158,1080.19,292.825,-1030.35,320.085,-146.943,49.2478,1079.74,56.7502,1081.69,59.4726,1081.93,56.5097,1080.88,336.188,-182.65,279.053,-69.3237,54.0232,1079.65,53.9616,1078.31,-211.612,793.928,456.449,-700.978,285.516,-61.8917,264.447,-112.235,282.715,-66.8059,59.9816,1082.07,-27.8364,632.708,281.916,-72.3123,295.244,-57.9565,305.11,-94.2294,246.973,-91.1203,60.7302,1082.9,47.8067,1078.52,374.9,-241.492,336.177,-196.016,283.102,-65.0706,296.365,-59.4111,102.612,790.416,289.016,-58.8848,324.687,-72.5117,55.551,1079.72,288.314,-64.6199,62.2338,790.387,66.1183,1084.04,58.8565,1080.14,66.2312,1083.56,122.896,793.712,52.3588,1081,290.859,-67.3312,64.2989,1082.5,50.32,1080.06,154.802,342.049,598.341,-770.539,417.153,-363.68,53.3982,1080.41,285.356,-67.3744,113.572,792.656,288.727,-59.1659,61.5189,1080.09,52.4193,1078.34,46.9712,1079.47,66.185,1080.06,66.6045,1082.06,312.106,-86.7406,53.7821,1080.13,1061.26,294.9,292.825,-1030.35,530.917,-844.654,175.629,175.629,-42.4967,-42.4967,195.977,195.977,552.109,552.109,340.806,340.806,287.732,287.732,148.65,148.65,285.875,285.875,902.38,902.38,290.725,290.725,187.951,187.951,282.825,282.825,262.356,262.356,746.151,746.151,246.941,246.941,144.308,144.308,292.211,292.211,252.185,252.185,164.529,164.529,138.61,138.61,291.118,291.118,903.544,903.544,28.1348,28.1348,297.845,297.845,557.02,557.02,280.824,280.824,153.115,153.115,365.98,365.98,200.699,200.699,300.258,300.258,334.436,334.436,158.315,158.315,547.445,547.445,272.038,272.038,291.511,291.511,190.972,190.972,281.254,281.254,184.308,184.308,279.358,279.358,267.53,267.53,188.895,188.895,877.909,877.909,250.106,250.106,-43.9187,-43.9187,292.825,292.825,320.085,320.085,271.74,271.74,183.645,183.645,183.348,183.348,256.031,256.031,336.188,336.188,279.053,279.053,249.446,249.446,200.026,200.026,-561.165,-561.165,456.449,456.449,285.516,285.516,264.447,264.447,282.715,282.715,257.038,257.038,-27.8364,-27.8364,281.916,281.916,295.244,295.244,305.11,305.11,246.973,246.973,151.468,151.468,179.599,179.599,374.9,374.9,336.177,336.177,283.102,283.102,560.47,560.47,346.058,346.058,289.016,289.016,324.687,324.687,226.737,226.737,288.314,288.314,-45.6421,-45.6421,172.228,172.228,250.525,250.525,270.528,270.528,282.214,282.214,117.087,117.087,290.859,290.859,272.312,272.312,530.917,530.917,154.802,154.802,598.341,598.341,417.153,417.153,263.342,263.342,285.356,285.356,267.652,267.652,288.727,288.727,270.229,270.229,151.315,151.315,568.522,568.522,328.663,328.663,143.047,143.047,312.106,312.106,870.88,870.88,906.741,906.741,7,-808,447,200,301,1134,200,477,565,200,1031,-1017,200,819,356,200,-211,84,200,-1173,-291,200,
45.5795,1122.01,56.9292,1116.65,59.4742,1124.64,1044.3,260.658,54.3866,1125.36,58.0979,1124.07,56.1599,1122.65,51.9548,1125.15,54.752,1123.53,57.2161,1123.01,59.3548,1124.76,54.5207,1125.35,55.4232,1124.52,981.482,-1254.59,46.1092,1122.41,54.0439,1124.7,47.319,1124.37,47.5949,1124.51,54.9847,1124.49,48.8283,1123.5,51.3816,1124.7,58.3384,1122.82,46.4491,1112.63,57.5164,829.039,48.234,1125,44.4222,1124.84,45.9236,1123.81,1041.86,257.73,47.0108,1122.89,49.445,1123.98,48.4435,1124.56,44.1783,1110.25,1045.58,253.958,52.9695,1124.31,44.9028,1124.65,33.8165,825.917,58.7249,1124.75,87.2352,826.12,43.0329,1122.86,49.1313,1122.99,52.4916,1124.21,59.8673,1124.48,49.7163,1123.73,79.7559,821.304,82.9393,-1235.93,46.3652,1122.68,50.6699,1124.33,53.6849,1124.23,43.096,1122.52,58.1926,1123.65,58.4269,1124.28,-49.0424,831.213,51.9936,1124.25,42.865,1124.57,10.5747,182.067,703.922,-731.025,49.7763,1122.37,33.3951,828.574,48.1094,1122.68,43.9245,1122.11,45.5849,1123.16,61.45,828.598,59.0384,1125.22,55.7358,1122.67,59.036,1124.46,53.2209,1124.07,47.7704,1123.72,57.3668,1123.78,45.5124,1124.84,43.4274,1121.67,943.615,-28.5337,41.9017,1122,53.1735,1123.35,5.69543,830.805,51.3309,1123.46,44.388,1122.5,45.2206,1121.31,56.6972,1123.93,45.5777,1122.9,42.0857,1124.88,49.1201,1124.46,47.6157,1122.4,42.6148,1124.89,45.2056,1122.17,56.1793,1123.61,58.6443,1124.91,298.341,-1070.54,42.3758,1122.28,53.4815,1124.86,49.0588,1123.07,43.8471,1123.12,51.0531,1124.67,44.286,1122.63,59.9176,1125.1,50.0817,1124.62,46.5428,1123.6,59.3227,1123.18,51.4445,1125.21,57.8428,1124.91,1046.29,260.932,82.9393,-1235.93,292.825,-1030.35,175.629,175.629,-42.4967,-42.4967,195.977,195.977,552.109,552.109,340.806,340.806,287.732,287.732,148.65,148.65,285.875,285.875,902.38,902.38,290.725,290.725,187.951,187.951,282.825,282.825,262.356,262.356,746.151,746.151,246.941,246.941,144.308,144.308,292.211,292.211,252.185,252.185,164.529,164.529,138.61,138.61,291.118,291.118,903.544,903.544,28.1348,28.1348,297.845,297.845,557.02,557.02,280.824,280.824,153.115,153.115,365.98,365.98,200.699,200.699,300.258,300.258,334.436,334.436,158.315,158.315,547.445,547.445,272.038,272.038,291.511,291.511,190.972,190.972,281.254,281.254,184.308,184.308,279.358,279.358,267.53,267.53,188.895,188.895,877.909,877.909,250.106,250.106,-43.9187,-43.9187,82.9393,82.9393,320.085,320.085,271.74,271.74,183.645,183.645,183.348,183.348,256.031,256.031,336.188,336.188,279.053,279.053,249.446,249.446,200.026,200.026,10.5747,10.5747,456.449,456.449,285.516,285.516,264.447,264.447,282.715,282.715,257.038,257.038,-27.8364,-27.8364,281.916,281.916,295.244,295.244,305.11,305.11,246.973,246.973,151.468,151.468,179.599,179.599,374.9,374.9,336.177,336.177,283.102,283.102,560.47,560.47,346.058,346.058,289.016,289.016,324.687,324.687,226.737,226.737,288.314,288.314,-45.6421,-45.6421,172.228,172.228,250.525,250.525,270.528,270.528,282.214,282.214,117.087,117.087,290.859,290.859,272.312,272.312,530.917,530.917,154.802,154.802,298.341,298.341,417.153,417.153,263.342,263.342,285.356,285.356,267.652,267.652,288.727,288.727,270.229,270.229,151.315,151.315,568.522,568.522,328.663,328.663,143.047,143.047,312.106,312.106,870.88,870.88,906.741,906.741,7,-808,447,200,301,1134,200,477,565,200,1031,-1017,200,819,356,200,-211,84,200,-1173,-291,200,
13.2261,-75.4445,35.791,816.647,42.6052,-199.579,1028.86,236.769,61.0503,1158.94,50.1282,1151.86,55.4611,1158.45,51.5094,1159.07,42.6567,1158.93,48.7982,1160,61.3847,1155.92,53.3201,1157.01,41.5589,1143.17,919.288,-795,52.063,1158.73,40.6899,109.852,51.7811,1159.43,55.9047,1143.25,47.4236,101.065,55.8042,1157.75,47.3995,102.541,1041.37,235.97,44.8934,812.631,43.872,1153.92,55.2451,1156.39,55.0944,1158,44.4965,855.145,1030.04,237.798,47.1883,103.571,32.249,856.403,48.3815,-200.659,57.4448,1155.01,1031.7,243.385,34.3775,91.0915,49.8682,1144.2,50.4751,1157.5,47.2093,1158.42,57.641,1147.18,59.0643,1158.61,55.1581,1148.83,34.8135,106.161,60.458,1157.43,23.7872,856.609,43.2109,120.776,-121.915,-1436.59,53.3984,1156.86,52.8599,1157.47,61.538,1157.22,-6.44898,856.927,58.9821,1157.65,39.266,101.53,56.969,1157.41,57.0954,1144.47,29.463,-199.65,30.3495,837.691,403.922,-1031.03,60.3658,1154.41,42.4739,1159.21,61.95,842.249,32.0492,94.5865,51.447,1141.94,45.3317,1161.63,53.5174,1159.33,54.5366,1157.01,45.5621,1155.79,49.873,1156.66,61.3287,1158.23,49.644,1154.64,54.5875,1159.15,31.2825,92.9416,1031.55,220.98,2.04451,854.12,48.5996,1151.33,44.2221,1160.26,12.478,856.497,62.0873,1158.98,46.4127,1139.23,56.4892,840.83,59.5478,1157.81,57.0265,1148.04,48.8857,1150.76,51.6563,1158.5,61.0177,1158.8,18.5268,855.821,59.5333,1156.33,3.41795,855.823,53.2044,1158.85,49.0348,1159.3,52.4681,1140.1,28.5149,111.041,49.9786,1158.47,62.2026,1159.14,53.4749,1157.23,58.1608,1155.2,43.6432,1160.02,57.9603,1157.75,44.8753,1160.64,29.0227,97.9939,49.715,1158.59,1044.23,233.635,-121.915,-1436.59,82.9393,-1235.93,13.2261,13.2261,-42.4967,-42.4967,42.6052,42.6052,552.109,552.109,340.806,340.806,287.732,287.732,148.65,148.65,285.875,285.875,902.38,902.38,290.725,290.725,187.951,187.951,282.825,282.825,262.356,262.356,746.151,746.151,246.941,246.941,144.308,144.308,292.211,292.211,252.185,252.185,47.4236,47.4236,138.61,138.61,291.118,291.118,903.544,903.544,28.1348,28.1348,297.845,297.845,557.02,557.02,280.824,280.824,153.115,153.115,365.98,365.98,47.1883,47.1883,300.258,300.258,48.3815,48.3815,158.315,158.315,547.445,547.445,272.038,272.038,291.511,291.511,190.972,190.972,281.254,281.254,184.308,184.308,279.358,279.358,267.53,267.53,188.895,188.895,877.909,877.909,250.106,250.106,43.2109,43.2109,-121.915,-121.915,320.085,320.085,271.74,271.74,183.645,183.645,183.348,183.348,256.031,256.031,336.188,336.188,279.053,279.053,249.446,249.446,29.463,29.463,10.5747,10.5747,403.922,403.922,285.516,285.516,264.447,264.447,282.715,282.715,257.038,257.038,-27.8364,-27.8364,281.916,281.916,295.244,295.244,305.11,305.11,246.973,246.973,151.468,151.468,179.599,179.599,374.9,374.9,336.177,336.177,31.2825,31.2825,560.47,560.47,346.058,346.058,289.016,289.016,324.687,324.687,226.737,226.737,288.314,288.314,-45.6421,-45.6421,172.228,172.228,250.525,250.525,270.528,270.528,282.214,282.214,117.087,117.087,290.859,290.859,272.312,272.312,530.917,530.917,154.802,154.802,298.341,298.341,417.153,417.153,263.342,263.342,285.356,285.356,267.652,267.652,288.727,288.727,270.229,270.229,151.315,151.315,568.522,568.522,328.663,328.663,143.047,143.047,29.0227,29.0227,870.88,870.88,906.741,906.741,7,-808,447,200,301,1134,200,477,565,200,1031,-1017,200,819,356,200,-211,84,200,-1173,-291,200,
-457.522,74.3906,-458.283,75.4458,-461.457,59.7282,1029.52,223.195,-466.863,61.9918,-463.917,74.0752,-459.786,74.5351,-453.685,75.6048,1027.59,230.77,-568.576,511.967,-457.475,75.7379,-470.073,74.0144,-460.931,74.8142,619.288,-564.246,-455.143,74.6608,-468.325,75.0677,-467.501,73.6292,-454.86,75.4369,-468.473,75.9556,-459.723,74.0163,-469.355,62.473,1027.8,226.531,-469.895,74.8883,-452.064,74.861,689.077,491.467,-457.976,74.5787,-470.645,75.5535,1033.18,224.248,-465.806,74.13,-470.423,73.5563,-466.513,73.8652,-470.814,74.8667,1031.67,222.041,716.367,485.479,-468.303,75.9272,-452.261,75.8002,-467.632,74.0957,-465.822,75.2986,-469.106,74.0189,-468.056,75.1199,-465.601,74.9103,1033.98,237.274,676.411,495.994,-459.661,71.5158,-318.998,-1629.62,-453.757,49.2467,-466.043,74.5622,-469.682,74.6508,-467.461,74.9289,-463.417,75.02,-457.83,75.3085,-463.475,74.4419,-434.997,-223.579,-434.504,-222.874,-457.918,70.8914,930.527,-791.061,-453.761,74.8464,-461.281,75.9601,-470.729,75.0085,-454.141,74.4493,-468.299,75.6082,-469.658,75.9067,-465.398,74.5516,677.257,495.867,-451.74,71.1314,-466.294,74.5778,-459.275,75.261,-461.354,75.5289,-457.878,75.4284,-461.475,70.8282,1029.78,225.601,-458.997,74.8387,-452.403,74.4807,-457.086,75.0659,-451.402,75.2526,-456.756,74.5001,-453.452,75.104,-466.204,75.126,-467.118,75.6462,-459.039,74.4051,-470.2,74.0904,-466.217,75.5871,-461.923,74.5265,-418.284,-224.141,697.306,487.455,-451.514,75.2067,694.213,491.985,-451.218,75.1585,-464.079,74.9267,715.743,487.615,-466.318,74.065,-453.802,74.9299,-464.197,74.7551,-467.657,75.3733,721.792,482.081,-462.158,74.4052,-452.224,75.8827,-457.306,63.0786,1031.71,226.024,1027.08,227.371,-162.717,-1476.55,-121.915,-1436.59,13.2261,13.2261,-458.283,-458.283,42.6052,42.6052,552.109,552.109,-466.863,-466.863,-463.917,-463.917,-459.786,-459.786,-453.685,-453.685,902.38,902.38,290.725,290.725,-457.475,-457.475,-470.073,-470.073,-460.931,-460.931,619.288,619.288,-455.143,-455.143,-468.325,-468.325,-467.501,-467.501,-454.86,-454.86,-468.473,-468.473,-459.723,-459.723,-469.355,-469.355,903.544,903.544,-469.895,-469.895,-452.064,-452.064,557.02,557.02,-457.976,-457.976,-470.645,-470.645,365.98,365.98,-465.806,-465.806,-470.423,-470.423,48.3815,48.3815,-470.814,-470.814,547.445,547.445,272.038,272.038,-468.303,-468.303,-452.261,-452.261,-467.632,-467.632,-465.822,-465.822,-469.106,-469.106,-468.056,-468.056,-465.601,-465.601,877.909,877.909,250.106,250.106,-459.661,-459.661,-121.915,-121.915,-453.757,-453.757,-466.043,-466.043,-469.682,-469.682,-467.461,-467.461,-463.417,-463.417,-457.83,-457.83,-463.475,-463.475,-434.997,-434.997,-434.504,-434.504,-457.918,-457.918,403.922,403.922,-453.761,-453.761,-461.281,-461.281,-470.729,-470.729,-454.141,-454.141,-468.299,-468.299,-469.658,-469.658,-465.398,-465.398,305.11,305.11,-451.74,-451.74,-466.294,-466.294,-459.275,-459.275,-461.354,-461.354,-457.878,-457.878,-461.475,-461.475,560.47,560.47,-458.997,-458.997,-452.403,-452.403,-457.086,-457.086,-451.402,-451.402,-456.756,-456.756,-453.452,-453.452,-466.204,-466.204,-467.118,-467.118,-459.039,-459.039,-470.2,-470.2,-466.217,-466.217,-461.923,-461.923,-418.284,-418.284,530.917,530.917,-451.514,-451.514,298.341,298.341,-451.218,-451.218,-464.079,-464.079,285.356,285.356,-466.318,-466.318,-453.802,-453.802,-464.197,-464.197,-467.657,-467.657,568.522,568.522,-462.158,-462.158,-452.224,-452.224,-457.306,-457.306,870.88,870.88,906.741,906.741,7,-808,447,200,301,1134,200,477,565,200,1031,-1017,200,819,356,200,-211,84,200,-1173,-291,200,
-452.044,49.7876,-1050.69,359.565,-463.714,74.112,1031.98,224.9,-555.404,506.088,-462.4,74.4732,-464.777,74.9561,-1052.13,360.066,1026.15,228.475,-451.322,64.6255,-461.115,45.6265,-458.811,58.0303,-1035.51,363.162,319.288,-864.246,-464.23,42.6642,-512.09,221.789,-451.19,75.7532,-460.592,74.0938,-397.908,-224.044,-1044.7,365.358,-452.455,74.4249,1028.3,229.946,-1048.86,363.854,-396.507,-225.139,716.986,484.663,-559.209,509.953,-456.271,69.012,1039.31,220.657,-486.734,194.58,-451.928,63.0903,-452.977,75.6298,-467.232,59.0292,1028.78,221.861,670.957,499.065,-459.083,75.7477,-469.796,62.9861,-1043.86,361.709,-400.862,-224.701,-462.052,40.7219,-469.124,74.6555,-460.663,74.1179,1034.93,217.56,690.235,494.657,-570.126,508.106,-88.1593,-1403.52,-462.233,74.8248,-422.61,-225.438,-469.328,69.4663,-1043.98,355.344,-1051.79,360.787,-1049.96,357.327,-393.933,-225.558,-465.79,74.1454,-452.915,74.7143,-394.535,-229.109,924.419,-797.612,-462.208,208.044,-1047.8,365.379,-464.99,66.6896,-467.211,74.5938,-467.106,60.6775,-452.553,75.4516,-568.223,504.892,704.996,486.877,-563.187,528.328,-1042.48,366.652,-568.602,519.139,-573.579,505.4,-461.099,75.0052,-465.378,75.6034,1034.45,218.872,-464.883,59.1246,-453.413,75.5642,-1039.66,357.322,-393.04,-224.915,-1049.1,362.194,-565.268,502.107,-431.745,-224.475,-1042.8,363.336,-393.859,-224.362,-408.766,-222.758,-1040.22,363.304,-461.301,74.7814,-1051.62,357.517,668.828,497.874,-404.218,-224.793,-459.397,75.7723,-469.847,75.334,-454.12,74.392,683.662,496.212,-1041.45,366.691,-419.864,-223.626,-1044.65,361.042,-1041.44,360.545,686.425,494.263,-427.728,-225.595,-453.007,70.9074,-563.895,503.174,1033.66,225.68,1025.51,225.987,-88.1593,-1403.52,-121.915,-1436.59,-452.044,-452.044,-458.283,-458.283,42.6052,42.6052,552.109,552.109,-466.863,-466.863,-463.917,-463.917,-464.777,-464.777,-453.685,-453.685,902.38,902.38,-451.322,-451.322,-461.115,-461.115,-458.811,-458.811,-460.931,-460.931,319.288,319.288,-464.23,-464.23,-468.325,-468.325,-467.501,-467.501,-460.592,-460.592,-397.908,-397.908,-459.723,-459.723,-469.355,-469.355,903.544,903.544,-469.895,-469.895,-396.507,-396.507,557.02,557.02,-457.976,-457.976,-456.271,-456.271,365.98,365.98,-465.806,-465.806,-451.928,-451.928,48.3815,48.3815,-467.232,-467.232,547.445,547.445,272.038,272.038,-468.303,-468.303,-469.796,-469.796,-467.632,-467.632,-400.862,-400.862,-462.052,-462.052,-469.124,-469.124,-465.601,-465.601,877.909,877.909,250.106,250.106,-459.661,-459.661,-88.1593,-88.1593,-453.757,-453.757,-422.61,-422.61,-469.328,-469.328,-467.461,-467.461,-463.417,-463.417,-457.83,-457.83,-393.933,-393.933,-434.997,-434.997,-434.504,-434.504,-394.535,-394.535,403.922,403.922,-453.761,-453.761,-461.281,-461.281,-464.99,-464.99,-467.211,-467.211,-467.106,-467.106,-469.658,-469.658,-465.398,-465.398,305.11,305.11,-451.74,-451.74,-466.294,-466.294,-459.275,-459.275,-461.354,-461.354,-461.099,-461.099,-461.475,-461.475,560.47,560.47,-464.883,-464.883,-452.403,-452.403,-457.086,-457.086,-393.04,-393.04,-456.756,-456.756,-453.452,-453.452,-431.745,-431.745,-467.118,-467.118,-393.859,-393.859,-408.766,-408.766,-466.217,-466.217,-461.923,-461.923,-418.284,-418.284,530.917,530.917,-404.218,-404.218,298.341,298.341,-469.847,-469.847,-464.079,-464.079,285.356,285.356,-466.318,-466.318,-419.864,-419.864,-464.197,-464.197,-467.657,-467.657,568.522,568.522,-427.728,-427.728,-453.007,-453.007,-457.306,-457.306,870.88,870.88,906.741,906.741,7,-808,447,200,301,1134,200,477,565,200,1031,-1017,200,819,356,200,-211,84,200,-1173,-291,200,
-573.439,527.618,-1034.65,348.369,-462.51,40.3714,1043.58,226.417,-1046.63,347.991,-452.242,42.4112,-365.617,-252.983,-1037.88,352.659,1032.81,227.372,-365.845,-253.518,-387.293,-171.45,-467.199,40.1973,-1042.13,344.073,-458.637,50.8737,-1044.02,349.741,-1038.65,337.868,-1034.89,355.059,-1034.59,339.241,-455.887,42.521,-1031.72,347.006,-1032.98,349.813,1037.23,222.385,-1044.84,345.74,-1030.71,347.37,1045.18,228.528,-455.267,58.1045,-453.44,41.8766,1038.74,218.689,-448.825,40.8725,-450.735,39.9201,-465.801,40.2409,-458.378,42.7799,1039.69,219.971,-449.54,51.1963,-1035.8,346.843,-448.012,41.8009,-1040.19,346.296,-462.214,26.6015,-449.114,42.0141,-450.178,52.8594,-485.58,218.337,1042.33,224.04,-470.025,61.8438,-458.476,41.4835,73.1838,-1245.49,-582.048,534.676,-451.201,43.8377,-457.321,40.3666,-1036.67,351.277,-1039.94,351.781,-1034.82,352.354,-449.011,42.5651,-463.922,51.159,-8.50714,-204.706,-1045.01,346.687,938.677,-792.555,-447.802,40.5605,-1032.71,348.507,-468.67,61.4288,-1029.59,337.87,-450.813,51.1402,-1039.32,345.292,-453.978,43.0907,-458.598,51.1444,-570.912,529.041,-1029.83,354.442,-507.377,219.139,-449.578,56.5051,-576.498,532.954,-568.439,518.602,1032.88,232.773,-461.685,38.7164,-456.345,51.8261,-1044.77,341.405,-563.88,514.565,-1040.38,351.316,-464.654,40.9689,-450.672,40.9272,-1043.4,345.769,-1040.4,347.7,-1046.39,351.319,-1032.71,347.107,-384.746,-225.219,-1028.39,350.783,62.4233,865.937,-1046.28,348.343,-461.585,55.2386,-456.578,45.9762,-401.436,-225.608,-460.567,62.631,-1045.31,341.55,-390.807,-253.123,-1042.25,348.19,-1041.32,347.802,-457.936,48.1617,-450.411,40.0112,-1043.61,345.059,-467.461,55.949,1038.62,225.258,1029.14,227.39,-88.1593,-1403.52,-88.1593,-1403.52,-452.044,-452.044,-458.283,-458.283,42.6052,42.6052,552.109,552.109,-466.863,-466.863,-452.242,-452.242,-365.617,-365.617,-453.685,-453.685,902.38,902.38,-365.845,-365.845,-387.293,-387.293,-467.199,-467.199,-460.931,-460.931,319.288,319.288,-464.23,-464.23,-468.325,-468.325,-467.501,-467.501,-460.592,-460.592,-397.908,-397.908,-459.723,-459.723,-469.355,-469.355,903.544,903.544,-469.895,-469.895,-396.507,-396.507,557.02,557.02,-455.267,-455.267,-453.44,-453.44,365.98,365.98,-448.825,-448.825,-450.735,-450.735,48.3815,48.3815,-458.378,-458.378,547.445,547.445,-449.54,-449.54,-468.303,-468.303,-448.012,-448.012,-467.632,-467.632,-400.862,-400.862,-462.052,-462.052,-450.178,-450.178,-465.601,-465.601,877.909,877.909,-470.025,-470.025,-458.476,-458.476,-88.1593,-88.1593,-453.757,-453.757,-422.61,-422.61,-457.321,-457.321,-467.461,-467.461,-463.417,-463.417,-457.83,-457.83,-393.933,-393.933,-434.997,-434.997,-434.504,-434.504,-394.535,-394.535,403.922,403.922,-447.802,-447.802,-461.281,-461.281,-468.67,-468.67,-467.211,-467.211,-450.813,-450.813,-469.658,-469.658,-453.978,-453.978,-458.598,-458.598,-451.74,-451.74,-466.294,-466.294,-459.275,-459.275,-449.578,-449.578,-461.099,-461.099,-461.475,-461.475,560.47,560.47,-461.685,-461.685,-456.345,-456.345,-457.086,-457.086,-393.04,-393.04,-456.756,-456.756,-464.654,-464.654,-431.745,-431.745,-467.118,-467.118,-393.859,-393.859,-408.766,-408.766,-466.217,-466.217,-384.746,-384.746,-418.284,-418.284,530.917,530.917,-404.218,-404.218,298.341,298.341,-456.578,-456.578,-401.436,-401.436,-460.567,-460.567,-466.318,-466.318,-390.807,-390.807,-464.197,-464.197,-467.657,-467.657,-457.936,-457.936,-427.728,-427.728,-453.007,-453.007,-467.461,-467.461,870.88,870.88,906.741,906.741,7,-808,447,200,301,1134,200,477,565,200,1031,-1017,200,819,356,200,-211,84,200,-1173,-291,200,
-462.207,37.4247,-1040.03,345.505,-458.197,41.2292,1027.54,234.965,-1042.67,340.544,-459.473,58.1147,-450.764,42.2073,-1036.78,349.556,1036.66,228.438,-453.672,29.5816,-452.133,40.2054,-1030.54,340.614,-1044.68,349.021,-451.43,56.4376,-1039.09,350.173,-1028.56,347.463,-1029.61,354.267,-1047.33,348.07,-464.774,62.4674,-1032.06,352.228,-1032.54,347.378,1036.89,220.361,-1033.92,350.008,-1043.71,342.612,1027.24,233.68,-454.824,41.858,-391.039,-258.123,1040.79,222.243,-459.53,41.3472,-460.058,40.8423,-456.997,54.9345,-368.402,-253.56,1027.91,225.323,-451.633,40.1122,-1044.04,346.077,-466.363,38.7496,-1034.52,351.289,-1038.12,346.336,-453.367,39.7707,-449.145,43.9249,-1030.93,341.61,1026.93,234.676,-451.232,41.8733,-449.249,52.882,-226.816,-1545.49,-476.677,234.676,-460.761,44.5043,-1044.16,348.929,-1033.13,353.514,-1030.58,351.393,-1045.44,349.245,-562.561,527.121,-457.939,40.882,-308.507,-504.706,-1030.24,354.522,929.505,-779.772,-461.177,39.648,-1031.45,350.175,-1046.6,346.014,-1034.34,352.346,-452.339,41.1346,-1039.85,342.795,-451.303,42.9119,-461.134,53.4696,-457.848,56.3673,-1030.6,349.029,-463.496,61.2413,-465.65,40.196,-462.158,39.8502,-459.357,56.3981,1030.26,228.749,-450.34,35.5113,-448.863,47.8013,-1044.13,344.01,-464.497,39.8996,-1039.44,343.243,-572.26,510.361,-453.857,41.4404,-1033.85,347.688,-1040.8,342.368,-1043.66,348.579,-1031.97,351.799,-452.279,41.8162,-1036.91,349.928,717.612,489.961,-1040.21,351.372,-456.386,59.7006,-449.161,40.1075,-465.922,40.7738,-1040.59,345.55,-1031.33,349.478,-455.162,42.8033,-1046.61,343.92,-1043.49,350.21,-451.77,40.8705,-569.873,525.268,-1029.6,352.51,-461.989,40.9045,1040.29,224.009,1031.25,231.679,-308.507,-504.706,-88.1593,-1403.52,-462.207,-462.207,-458.283,-458.283,42.6052,42.6052,552.109,552.109,-466.863,-466.863,-452.242,-452.242,-365.617,-365.617,-453.685,-453.685,902.38,902.38,-365.845,-365.845,-387.293,-387.293,-467.199,-467.199,-460.931,-460.931,319.288,319.288,-464.23,-464.23,-468.325,-468.325,-467.501,-467.501,-460.592,-460.592,-397.908,-397.908,-459.723,-459.723,-469.355,-469.355,903.544,903.544,-469.895,-469.895,-396.507,-396.507,557.02,557.02,-454.824,-454.824,-391.039,-391.039,365.98,365.98,-448.825,-448.825,-450.735,-450.735,48.3815,48.3815,-368.402,-368.402,547.445,547.445,-451.633,-451.633,-468.303,-468.303,-466.363,-466.363,-467.632,-467.632,-400.862,-400.862,-453.367,-453.367,-449.145,-449.145,-465.601,-465.601,877.909,877.909,-451.232,-451.232,-458.476,-458.476,-88.1593,-88.1593,-453.757,-453.757,-422.61,-422.61,-457.321,-457.321,-467.461,-467.461,-463.417,-463.417,-457.83,-457.83,-393.933,-393.933,-434.997,-434.997,-308.507,-308.507,-394.535,-394.535,403.922,403.922,-461.177,-461.177,-461.281,-461.281,-468.67,-468.67,-467.211,-467.211,-452.339,-452.339,-469.658,-469.658,-451.303,-451.303,-458.598,-458.598,-457.848,-457.848,-466.294,-466.294,-463.496,-463.496,-465.65,-465.65,-462.158,-462.158,-459.357,-459.357,560.47,560.47,-450.34,-450.34,-448.863,-448.863,-457.086,-457.086,-393.04,-393.04,-456.756,-456.756,-464.654,-464.654,-431.745,-431.745,-467.118,-467.118,-393.859,-393.859,-408.766,-408.766,-466.217,-466.217,-384.746,-384.746,-418.284,-418.284,530.917,530.917,-404.218,-404.218,298.341,298.341,-449.161,-449.161,-401.436,-401.436,-460.567,-460.567,-466.318,-466.318,-390.807,-390.807,-464.197,-464.197,-467.657,-467.657,-451.77,-451.77,-427.728,-427.728,-453.007,-453.007,-461.989,-461.989,870.88,870.88,906.741,906.741,7,-808,447,200,301,1134,200,477,565,200,1031,-1017,200,819,356,200,-211,84,200,-1173,-291,200,
-530.05,-262.575,-996.994,298.776,-1016.68,292.032,727.544,-65.035,-1011.05,296.806,512.152,1029.29,501.219,1031.72,-1015.91,292.196,736.662,-71.5623,509.958,1032.11,-454.782,82.1024,-1013.97,290.024,-1018.53,297.221,491.634,1040.55,-1018.93,302.825,-1008.71,307.2,-1000.57,301.931,-1016.21,295.495,485.005,1042.42,-1002.35,299.194,-1009.65,291.978,736.891,-79.6386,-1004.34,306.47,-1011,308.396,727.237,-66.3203,-575.268,-258.142,-235.469,-558.123,740.791,-77.7565,-551.393,-258.653,-633.238,-257.126,510.344,1026.73,-227.642,-553.56,727.914,-74.6767,-576.72,515.1,-1001.96,293.626,-536.655,-261.25,-1000.6,299.426,-1011.34,288.468,-597.839,-260.229,-603.071,-256.075,-1015.75,293.677,726.927,-65.3239,-568.927,-258.127,510.94,1027.78,529.818,1017.56,492.645,1040.04,534.048,1024.12,-1006.22,291.02,-1017.8,293.744,-1005.68,308.683,-1016.45,298.236,-463.844,99.8742,-537.831,-259.118,638.084,412.492,-1009.47,307.608,629.505,-1079.77,-547.159,-260.352,-1003.92,297.139,-1005.91,295.922,-1007.47,293.892,506.89,1027.14,-1007,298.804,502.294,1032.91,-1012.77,288.118,507.883,1030.08,-1013.46,308.437,482.224,1044.1,480.885,1044.61,-1008.28,313.391,505.739,1027.57,730.262,-71.2508,-374.312,-213.835,487.738,1045.75,-1005.29,290.374,-566.185,-260.1,-999.163,296.66,-465.086,96.8798,-593.114,-258.56,-1003.95,308.201,-1017.62,293.431,-1008.75,296.428,-1020.64,300.272,487.455,1042.18,-1008.04,297.215,624.632,421.905,-998.518,299.093,503.292,1036.58,493.592,1042.2,-1020.26,297.768,-1013.67,301.959,-1004.54,295.955,-571.038,541.432,-1009.63,300.942,-998.556,297.628,-458.89,70.4852,508.61,1030.51,-1002.79,302.507,-555.56,-259.096,740.289,-75.9909,731.246,-68.3209,-235.469,-558.123,-308.507,-504.706,-530.05,-530.05,-458.283,-458.283,42.6052,42.6052,552.109,552.109,-466.863,-466.863,-452.242,-452.242,-365.617,-365.617,-453.685,-453.685,902.38,902.38,-365.845,-365.845,-387.293,-387.293,-467.199,-467.199,-460.931,-460.931,319.288,319.288,-464.23,-464.23,-468.325,-468.325,-467.501,-467.501,-460.592,-460.592,-397.908,-397.908,-459.723,-459.723,-469.355,-469.355,903.544,903.544,-469.895,-469.895,-396.507,-396.507,557.02,557.02,-575.268,-575.268,-235.469,-235.469,365.98,365.98,-551.393,-551.393,-633.238,-633.238,48.3815,48.3815,-227.642,-227.642,547.445,547.445,-451.633,-451.633,-468.303,-468.303,-536.655,-536.655,-467.632,-467.632,-400.862,-400.862,-597.839,-597.839,-603.071,-603.071,-465.601,-465.601,877.909,877.909,-568.927,-568.927,-458.476,-458.476,-88.1593,-88.1593,-453.757,-453.757,-422.61,-422.61,-457.321,-457.321,-467.461,-467.461,-463.417,-463.417,-457.83,-457.83,-393.933,-393.933,-537.831,-537.831,-308.507,-308.507,-394.535,-394.535,403.922,403.922,-547.159,-547.159,-461.281,-461.281,-468.67,-468.67,-467.211,-467.211,-452.339,-452.339,-469.658,-469.658,-451.303,-451.303,-458.598,-458.598,-457.848,-457.848,-466.294,-466.294,-463.496,-463.496,-465.65,-465.65,-462.158,-462.158,-459.357,-459.357,560.47,560.47,-374.312,-374.312,-448.863,-448.863,-457.086,-457.086,-566.185,-566.185,-456.756,-456.756,-464.654,-464.654,-593.114,-593.114,-467.118,-467.118,-393.859,-393.859,-408.766,-408.766,-466.217,-466.217,-384.746,-384.746,-418.284,-418.284,530.917,530.917,-404.218,-404.218,298.341,298.341,-449.161,-449.161,-401.436,-401.436,-460.567,-460.567,-466.318,-466.318,-390.807,-390.807,-464.197,-464.197,-467.657,-467.657,-451.77,-451.77,-427.728,-427.728,-453.007,-453.007,-555.56,-555.56,870.88,870.88,906.741,906.741,7,-808,447,200,301,1134,200,477,565,200,1031,-1017,200,819,356,200,-211,84,200,-1173,-291,200,
-243.863,-562.575,-1002.63,301.605,-716.679,-7.96784,427.544,-365.035,-1002.75,293.43,485.738,1055.22,524.309,1040.3,-715.91,-7.80391,436.662,-371.562,501.607,1049.78,499.702,1047.17,-713.974,-9.9762,-718.53,-2.77886,513.422,1042.66,-718.934,2.82471,-1010.28,291.204,-1001.7,299.639,-716.214,-4.50496,539.834,1036.17,-1004.45,288.71,-709.653,-8.02178,772.026,-379.639,-1009.86,284.69,-1001.84,284.297,427.237,-366.32,-558.988,-556.22,503.039,1049.7,440.791,-377.757,-251.393,-558.653,-333.238,-557.126,539.767,1039.96,529.374,1042.55,427.914,-374.677,530.132,1034.69,-1006.24,300.223,535.366,1046.51,-1016.88,292.5,-711.341,-11.532,-522.205,-560.229,-588.641,-556.075,-715.747,-6.32321,426.927,-365.324,-268.927,-558.127,541.363,1037.71,510.267,1049.54,499.683,1049.05,509.287,1047.11,-991.192,289.959,-717.799,-6.25596,-998.652,294.837,-716.452,-1.76351,521.011,1051.84,-338.131,-559.118,653.076,424.361,-1001.39,294.838,-1083.9,-63.8913,-418.634,-560.352,-1010.11,290.579,-1003.63,301.632,-1002.65,293.745,503.017,1047.14,-1001.55,294.371,513.136,1045.03,-712.768,-11.8824,487.113,1058.89,-1008.77,297.157,486.24,1053.02,529.709,1034.97,-996.87,298.585,506.083,1050.43,430.262,-371.251,957.786,159.531,523.464,1042.5,-990.477,290.698,-266.185,-560.1,-1013.58,292.439,521.286,1046.95,-293.114,-558.56,-1003.46,294.731,-717.616,-6.56946,-1011.8,292.541,-720.638,0.271897,538.273,1034.86,-997.707,285.568,667.946,405.116,-996.859,290.058,514.937,1045.57,540.585,1037.94,-720.26,-2.23222,-997.165,296.895,-995.534,288.237,501.424,1046.57,-1008.69,297.337,-1002.47,286.769,519.813,1040.24,533.046,1041.54,-998.8,287.956,-266.803,-559.096,440.289,-375.991,431.246,-368.321,-522.205,-560.229,-235.469,-558.123,-243.863,-243.863,-458.283,-458.283,42.6052,42.6052,552.109,552.109,-466.863,-466.863,-452.242,-452.242,-365.617,-365.617,-715.91,-715.91,436.662,436.662,-365.845,-365.845,-387.293,-387.293,-713.974,-713.974,-718.53,-718.53,319.288,319.288,-718.934,-718.934,-468.325,-468.325,-467.501,-467.501,-716.214,-716.214,-397.908,-397.908,-459.723,-459.723,-709.653,-709.653,772.026,772.026,-469.895,-469.895,-396.507,-396.507,557.02,557.02,-558.988,-558.988,-235.469,-235.469,365.98,365.98,-251.393,-251.393,-333.238,-333.238,48.3815,48.3815,-227.642,-227.642,547.445,547.445,-451.633,-451.633,-468.303,-468.303,-536.655,-536.655,-467.632,-467.632,-400.862,-400.862,-522.205,-522.205,-588.641,-588.641,-715.747,-715.747,426.927,426.927,-268.927,-268.927,-458.476,-458.476,-88.1593,-88.1593,-453.757,-453.757,-422.61,-422.61,-457.321,-457.321,-717.799,-717.799,-463.417,-463.417,-716.452,-716.452,-393.933,-393.933,-338.131,-338.131,-308.507,-308.507,-394.535,-394.535,403.922,403.922,-418.634,-418.634,-461.281,-461.281,-468.67,-468.67,-467.211,-467.211,-452.339,-452.339,-469.658,-469.658,-451.303,-451.303,-712.768,-712.768,-457.848,-457.848,-466.294,-466.294,-463.496,-463.496,-465.65,-465.65,-462.158,-462.158,-459.357,-459.357,560.47,560.47,-374.312,-374.312,-448.863,-448.863,-457.086,-457.086,-266.185,-266.185,-456.756,-456.756,-464.654,-464.654,-293.114,-293.114,-467.118,-467.118,-393.859,-393.859,-408.766,-408.766,-720.638,-720.638,-384.746,-384.746,-418.284,-418.284,530.917,530.917,-404.218,-404.218,298.341,298.341,-449.161,-449.161,-401.436,-401.436,-460.567,-460.567,-466.318,-466.318,-390.807,-390.807,-464.197,-464.197,-467.657,-467.657,-451.77,-451.77,-427.728,-427.728,-453.007,-453.007,-266.803,-266.803,440.289,440.289,431.246,431.246,7,-808,447,200,301,1134,200,477,565,200,1031,-1017,200,819,356,200,-211,84,200,-1173,-291,200,
-1047.4,-74.4361,-1040.84,375.39,642.809,387.666,644.338,-146.853,-1041.06,368.477,624.722,401.653,648.935,374.023,-511.866,-128.318,-911.02,-646.978,645.496,382.344,615.803,414.214,-439.514,182.829,-1081.42,84.6071,631.957,394.702,-441.988,174.683,-1053.14,366.819,-1043.4,376.491,-434.48,176.627,639.012,386.82,-450.918,161.119,-450.781,165.104,-898.23,-706.74,-1045.7,368.612,-1043.27,369.39,637.753,-142.711,-550.139,466.258,650.336,377.086,-1216.4,-539.715,-721.592,-186.858,-406.922,-771.154,643.276,385.147,615.352,414.449,632.015,-123.734,631.452,390.124,-1050.42,370.38,622.374,400.496,-1043.98,377.488,-567.893,477.109,-562.877,508.799,-1048.2,377.592,-523.391,-131.557,-906.087,-734.042,-1046.32,374.324,641.07,386.373,612.53,417.383,633.51,393.978,644.645,378.151,-1054.02,367.622,-1039.99,369.004,-439.641,193.983,-436.676,176.337,635.213,392.681,-1039.09,-90.2331,613.136,416.026,-1040.28,374.459,-1020.32,-87.4906,-1042.91,359.356,-1036.85,368.932,-1038.28,373.055,-1053.17,367.14,641.943,382.696,-450.545,137.776,630.768,393.84,-448.616,188.709,637.408,390.357,-1038.21,373.796,630.703,397.359,617.859,406.564,-566.516,513.398,636.102,386.663,947.745,148.012,657.786,-140.469,643.535,388.734,-1050.19,368.575,-1049.07,376.501,-485.933,196.667,615.016,416.028,-1057.48,-75.2334,-447.414,153.157,651.403,374.058,-1049.34,364.224,-1052.16,373.491,636.164,385.05,-1049.02,375.6,652.259,379.185,-1050.27,371.231,635.013,394.226,638.929,393.178,-436.03,172.919,-1043.11,373.165,-1038.65,378.659,629.628,396.108,-1041.69,372.835,-1048.21,365.906,613.925,415.421,638.892,392.937,-1054.74,367.515,-1067.48,-72.84,-906.244,-660.004,-910.997,-579.656,-598.23,-875.614,-522.205,-560.229,-243.863,-243.863,-458.283,-458.283,42.6052,42.6052,552.109,552.109,-466.863,-466.863,-452.242,-452.242,-365.617,-365.617,-511.866,-511.866,-911.02,-911.02,-365.845,-365.845,-387.293,-387.293,-713.974,-713.974,-718.53,-718.53,319.288,319.288,-718.934,-718.934,-468.325,-468.325,-467.501,-467.501,-716.214,-716.214,-397.908,-397.908,-459.723,-459.723,-709.653,-709.653,-898.23,-898.23,-469.895,-469.895,-396.507,-396.507,557.02,557.02,-558.988,-558.988,-235.469,-235.469,-1216.4,-1216.4,-251.393,-251.393,-406.922,-406.922,48.3815,48.3815,-227.642,-227.642,547.445,547.445,-451.633,-451.633,-468.303,-468.303,-536.655,-536.655,-467.632,-467.632,-400.862,-400.862,-522.205,-522.205,-588.641,-588.641,-523.391,-523.391,-906.087,-906.087,-268.927,-268.927,-458.476,-458.476,-88.1593,-88.1593,-453.757,-453.757,-422.61,-422.61,-457.321,-457.321,-717.799,-717.799,-463.417,-463.417,-716.452,-716.452,-393.933,-393.933,-338.131,-338.131,-308.507,-308.507,-394.535,-394.535,403.922,403.922,-418.634,-418.634,-461.281,-461.281,-468.67,-468.67,-467.211,-467.211,-452.339,-452.339,-469.658,-469.658,-451.303,-451.303,-712.768,-712.768,-457.848,-457.848,-466.294,-466.294,-463.496,-463.496,-465.65,-465.65,-462.158,-462.158,-459.357,-459.357,560.47,560.47,-374.312,-374.312,-448.863,-448.863,-457.086,-457.086,-266.185,-266.185,-456.756,-456.756,-464.654,-464.654,-293.114,-293.114,-467.118,-467.118,-393.859,-393.859,-408.766,-408.766,-720.638,-720.638,-384.746,-384.746,-418.284,-418.284,530.917,530.917,-404.218,-404.218,298.341,298.341,-449.161,-449.161,-401.436,-401.436,-460.567,-460.567,-466.318,-466.318,-390.807,-390.807,-464.197,-464.197,-467.657,-467.657,-451.77,-451.77,-427.728,-427.728,-453.007,-453.007,-266.803,-266.803,-906.244,-906.244,-910.997,-910.997,7,-808,447,200,301,1134,200,477,565,200,1031,-1017,200,819,356,200,-211,84,200,-1173,-291,200,
